minimum_range,maximum_range,SU,TT,CS,DBL,TPT
0,50,0.793201,0.070139,0.130465,0.006179,0.0000167
51,100,0.577445,0.058172,0.344653,0.019608,0
101,200,0.313468,0.045762,0.565269,0.074434,0.000452
201,500,0.142467,0.027288,0.751628,0.075218,0.002031
501,10000,0.06466,0.0149,0.879727,0.034143,0.004225
