Region,FLR Accommodation,FLR Government Support,FLR K12,FLR Heavy Industry,FLR Hospital,FLR Institutional,FLR Light Industry,FLR Office,FLR Retail,FLR Warehouse
Bend,-0.884472638,-0.349121546,0.394332375,-1.880114587,-0.661789861,-1.066463149,-2.156668461,-0.397317308,0,-2.456112126
Portland_Vancouver,0.086279646,-1.308006174,-0.08043412,-0.828401043,-1.003141792,-0.586460464,-0.067397742,-0.08687947,0,-1.146244331
