Region,FLR Accommodation,FLR Government Support,FLR K12,FLR Heavy Industry,FLR Hospital,FLR Institutional,FLR Light Industry,FLR Office,FLR Retail,FLR Warehouse
Bend,-0.460972824,2.660422646,3.029211394,2.405164666,0.022755105,0.053864993,2.891694256,1.527273344,0,-1.002809043
Portland_Vancouver,1.363667757,0.122152577,0.825876457,-0.962027145,-2.057666541,0.743412002,0.649737348,1.054239676,0,0.41013621
