Region,FLR MH,FLR MF,FLR AT,FLR SFD,FLR RRMH,FLR RRSFD
Bend,0.516327165,-0.537983891,-0.085947173,0,0.838233944,0.705884198
Portland_Vancouver,0.056183326,0.07355125,0.083727299,0,-0.730259116,0.16812739
